Civil Surgeon General Hospital Blood Bank,Maharashtra,AHMEDNAGAR,Ahmednagar,"District Government Hospital Tarakpur Savedi Road, Ahmednagar",414001,bloodbankcha37@gmail.com,19.108046,74.73557
Sanjeevani Blood Bank Kopargaon,Maharashtra,AHMEDNAGAR,Ahmednagar,"110, 2/B Nishigandh, Vivekanand Nagar, Near  S.G. Vidyalay, Kopargaon
",423601,,19.88042,74.470873
Rotary Blood Bank - Rahuri Charitable Trust,Maharashtra,AHMEDNAGAR,Ahmednagar,"Acharya Anand Rushiji Bhavan, Near Water Tank, Nagar Manmad Road,  A/P Rahuri, Ahmednagar District
",413705,,19.419633,74.65553
Arpan Blood Bank,Maharashtra,AHMEDNAGAR,Ahmednagar,"First Floor, H.No.1542/43, Above Bank of Badoda, Swatantrya Chowk, Sangamner,  Ahmednagar District
",422605,nandkishor@arpanbloodbank.org,19.569309,74.206528
Jankalyan Blood Bank Nalegaon,Maharashtra,AHMEDNAGAR,Ahmednagar,"Gadgil Patangan, Nalegaon, Ahmednagar

",414001,jankalyanbloodbanknagar@rediffmail.com,18.501067,73.857499
Pravara Medical Trust Blood Bank - Pravara Rural Hospital and Medical Dental College Loni (BK),Maharashtra,AHMEDNAGAR,Ahmednagar,"Pravara Rural Hospital & Medical Dental College Loni (BK) TQ. Rahata, Ahmednagar ",413736,,19.578952,74.456127
Shri Sainath Blood Bank,Maharashtra,AHMEDNAGAR,Ahmednagar,"Opposite to Bus Stand,  Shri Saibaba Sansthan, Shirdi Tal - Rahata
",423109,,19.763137,74.47058
"Padmashri Dr. Vithalrao Vikhe Patil Foundation, Ahmednagar Medical College Hospital Blood Bank",Maharashtra,AHMEDNAGAR,Ahmednagar,"Opposite to Government Milk Dairy, Vadgaon Gupta  M.I.D.C., Ahmednagar ",414111,,19.181403,74.689625
Shrirampur Blood Bank,Maharashtra,AHMEDNAGAR,Ahmednagar,Shrirampur,413709,,19.619247,74.663502
Anand Rushiji Blood Bank,Maharashtra,AHMEDNAGAR,Ahmednagar,"Survey No.16/1, Plot No.2 Behind Anadrushiji Hospital Burudgaon Road,
",414001,,19.080688,74.732289
"Jeevanraj Charitable Foundation,s Ahmednagar Blood Bank",Maharashtra,AHMEDNAGAR,Ahmednagar,"F.P. No. - 17, 2nd Floor, Ahmednagar Zillha Krishi Audyogik Sarva Seva Sahakari Sanstha Maryadit, Market Yard, Ahmednagar
",414001,,19.082959,74.760389
Nandkishor Education Society - Arpan Blood Bank,Maharashtra,AHMEDNAGAR,Ahmednagar,"2nd  Floor, Sahakar Kranti Building, Market Yard, Nagar - Pune Road 
",414001,"nandkishor@arpanbloodbank.org,",20.004874,73.787165
"Poonam Janjagruti Sanstha Sanchit, Ashtavinayak Blood Bank",Maharashtra,AHMEDNAGAR,Ahmednagar,"Ashtavinayak Blood Bank, Ahmednagar  1st Floor, Sai Palace Opposite  to Akashwani Kendra, Near Professsor Coloney Chowk, Ahmednagar
",414003,ashtavinayakbloodbank@gmail.com,19.117005,74.735872
Ahmednagar Municipal Council Blood Bank,Maharashtra,AHMEDNAGAR,Ahmednagar,Ahmednagar,,,,
Civil Surgeon General Hospital Blood Bank,Maharashtra,AKOLA,Akola,"District General Hospital Compound, Z.P. Road, Akola
",444001,bloodbankgmcakola@gmail.com,20.702666,77.001984
District Hospital for Women Blood Bank,Maharashtra,AKOLA,Akola,"Plot No.2, OPD Building, District Hospital for Women, Near Durga Chowk, Akola-444005
",444001,dhw_akola@rediffmail.com,20.714492,77.008904
Dr. Vivek Pimpalkar Blood Bank,Maharashtra,AKOLA,Akola,"Najul Shit No. 408, Plot No-9/7, Krishna Kripa Building,  M.G.Road, Akola
",444101,,21.106181,77.072925
Shriram Blood Bank,Maharashtra,AKOLA,Akola,"T. K. Chambers, Ratanlal Plot, Akola ",444005,,21.106181,77.072925
Akola Diagnostic Centre Blood Bank and Component Lab,Maharashtra,AKOLA,Akola,"Shivshirsh, Opposite to Gajanan Hospital, Ramnagar, Akola
",444001,akoladiagnostic@rediffmail.com,20.70644,77.011207
Dr. Mankar Memorial Blood Bank,Maharashtra,AKOLA,Akola,"Mankar Hospital, 2nd Floor, Dr. Mankar Smruti Building, Aastha Hospital, Opposite to Khandelwal CT-Scan Centre, Amanakha Plot,  Civil Line, Akola",444001,,20.724952,77.04278
Dr. Hedgewar Blood Bank,Maharashtra,AKOLA,Akola,"Balaji Plot  SBI Colony No - 1,  Near Jathat Peth,  No.1 Akola
",444005,,21.140578,79.060506
ICON Blood Bank - Ganediwal Charitable Trust,Maharashtra,AKOLA,Akola,"Ganediwal Charitable Trust, ICON Blood Bank, ICON Hospital, Kedia Plot, Akola",444 001,iconakola@rediffmail.com,20.713446,77.011958
Sai Jeewan Blood Bank,Maharashtra,AKOLA,Akola,"Shri Balyogi Shikshan Prasarak Mandal Charitable Trust, Akola",,,,
District General Hospital Blood Bank Amravati,Maharashtra,AMRAVATI,Amravati,"Dr. Babasaheb Ambedkar Chowk, District General Hospital Blood Bank, Amaravati",444601,cs_amravati@rediffmail.com,20.93386,77.760815
Shri Balaji Blood Bank & component lab Amravati,Maharashtra,AMRAVATI,Amravati,"1st Floor, Alsi Complex, Ambapeth, Amravati
",444601,"drckdara@yahoo.com,",20.928177,77.756362
Dr. P.D.M.H.C. Hospital and Research Centre Blood Bank,Maharashtra,AMRAVATI,Amravati,"Block-A,1st Floor, Shivaji Nagar, Amravati 
",440603,sandippatil@gmail.com,20.923,77.816645
Sant Gadgebaba Blood Bank and Component Centre Badnera,Maharashtra,AMRAVATI,Amravati,"Opposite to Shrihari Hospital, Juni Vasti (Old Town), Badnera  Amravati
",444701,sopanblood@gmail.com,20.794116,77.709547
Dr. Late Sadanadaji Burma Memorial Blood Bank,Maharashtra,AMRAVATI,Amravati,"Plot No- 53, Sheet No-20c, Gvalipura,  Sadar Bazar, Paratwada, Amravati
",444805,rsburma@yahoo.co.in,21.298921,77.518316
Regional Blood Bank Government Medical College and Hospital,Maharashtra,AURANGABAD,Aurangabad,"Regional Blood Bank Government Medical College and Hospital, Aurangabad, (GHATI)",431001,bbgmchabad@gmail.com,19.890542,75.317164
Mahatma Gandhi Mishan (MGM) Hospital Blood Bank,Maharashtra,AURANGABAD,Aurangabad,"Mahatma Gandhi Mishan Medical College & Hospital Blood Bank, N-6, Town Center,  CIDCO,  Aurangabad ",431003,drcpbhale@rediffmail.com,19.877896,75.354519
Dattaji Bhale Blood Bank - Hedgewar Hospital,Maharashtra,AURANGABAD,Aurangabad,"C/o. Dr. Hegdewar Rugnalaya Campus, Near Gajanan Mandir, Jawahar Colony Road, Garkheda Parisar,  Aurangabad
",431005,mahendrasingh-chauhan@hedgewar.org,19.876165,75.343313
Lokmanya Blood Bank,Maharashtra,AURANGABAD,Aurangabad,"Gopinath Chember,  Basement Floor, Behind Jaydev Travels, Adalat Road,  Aurangabad ",431005,adm.lokmanya@gmail.com,19.872123,75.323251
Seth Nandlal Dhoot Hospital Blood Bank,Maharashtra,AURANGABAD,Aurangabad,"Plot No A-1, MIDC Chikalthana, Jalna Road, Aurangabad
",431210, bloodbank@dhoothospital.com,19.872742,75.387668
Arpan Voluntary (Marathwada)  Blood Bank,Maharashtra,AURANGABAD,Aurangabad,"2nd Floor, Soniya Chambers, Near Uddhanpula, Seven Hills, Jalna Road, Aurangabad
",431001,nandkishor@arpanbloodbank.org,19.875504,75.352445
Amruta Blood Bank,Maharashtra,AURANGABAD,Aurangabad,"Shop No- 102/103, 1st Floor ,Nano Comlex Near Shanoormiya Arga, Vegetable Arket, Shahnoorwadi, Aurangabad
",431001,amrutabloodbank@gmail.com,19.855842,75.338268
Aurangabad Blood Bank,Maharashtra,AURANGABAD,Aurangabad,"Opposite to Sparsh Hospital, Jawahar Nagar Akashwani Aurangabad
",431001,aurangabadbloodbank@gmail.com,19.873384,75.344972
Lions Blood Bank,Maharashtra,AURANGABAD,Aurangabad,"1st Floor, above Lions  Balsadan, Near Teg Bahadur English School, Osmanpura, Aurangabad ",431005,lionsbloodbank0708@gmail.com,19.87244,75.323188
Civil Surgeon General Hospital Blood Bank,Maharashtra,BEED,Beed,"Civil Surgeon District General Hospital, Barshi Road, Beed  ",431122,bloodbankbeed@rediffmail.com,18.986918,75.75332
Swami Ramanand Tirth Arben Medical College Hospital Blood Bank,Maharashtra,BEED,Beed,"Swami Ramanand Tirth Arben Medical College Hospital Ambajogai Tq. Ambajogai,  Beed",431517,srtrgmcbb@gmail.com,18.731377,76.370902
Vaidynath Blood Bank,Maharashtra,BEED,Beed,"Mundhe Children Hospital, Near Dube Petrol Pump, Jai Nagar, Parli-Vaijnath, Beed",431515,,18.842659,76.535058
Navjivan Blood Bank,Maharashtra,BEED,Beed,"Plot No 2-10-240 1 st Floor, Jalna Road, Opposite to M.S.E.B. Office, Beed ",431122,,19.000048,75.755254
Arpan Blood Bank Beed,Maharashtra,BEED,Beed,"3rd Floor, Thorat Multispeciality Hospital, D.P. Road, Anand Nagar, Ambejogai, Dist - Beed,
",431517,nandkishor@arpanbloodbank.org,18.725503,76.390737
Civil Hospital Bhandara Blood Bank,Maharashtra,BHANDARA,Bhandara,"General Hospital Blood Bank, Bhandara
",441904,bloodbank_bhandara@rediffmail.com,21.162022,79.65973
Jeevandhara Buldana Urban Blood Bank,Maharashtra,BULDHANA,Buldana,"1st Floor, DSD City Mall, Above Bank of India, Tehsil to Stadium Road, Buldhana 
",443001,maheshbhakkad@gmail.com,20.532707,76.180604
Government Hospital Blood Bank,Maharashtra,BULDHANA,Buldhana,"General Hospital Shegaon Road, Khamgaon, Buldhana",444303,"ghkbb134@gmail.com, ms_ghkhamgaon@rediffmail.com",20.708409,76.566704
Saibai Mote General Hospital Blood Bank,Maharashtra,BULDHANA,Buldhana,"Saibai Mote General Hospital, Shegaon, Buldhana",444203,,20.795868,76.696688
Civil Surgeon District General Hospital Blood Bank,Maharashtra,BULDHANA,Buldhana,"General Hospital Blood Bank Buldhana, Near Prabadhan School, Bhonde Sarakar Chauk Bhuldhana(M.S)",443001,cs_buldhana@rediffmail.com,20.533583,76.187482
Dr. Murlidhar Kharche Memorial Jeevan Jyoti Blood Bank,Maharashtra,BULDHANA,Buldhana,"Bharat Kala Road, Malkapur, Buldhana ",443101,jkpatho@gmail.com,20.886486,76.207174
Lilavati Blood Bank,Maharashtra,BULDHANA,Buldhana,"John Lay Out, Jamrnn Road, Near Bus stand, Buldhana",443001,,20.534727,76.172461
Shri. Brahman Swrankar Samaj Trust Blood Bank,Maharashtra,BULDHANA,Khamgaon,"Farshi, Main Road, Khamgaon, Buldhana",444303,,20.543402,76.170956
General Hospital Blood Bank,Maharashtra,CHANDRAPUR,Chandrapur,"Government General Hospital Blood Bank, Near Chota Bazar, Main Road, Mahatma Gandhi Marg, Chandrapur",442402,bbchandrapur@gmail.com,19.953683,79.296742
Ankur Hospital Blood Bank,Maharashtra,CHANDRAPUR,Chandrapur,"Balaji Ward, Chandrapur",442402,ankurhospital@rediffmail.com,19.970044,79.30788
Dr. Ninawe Blood Bank,Maharashtra,CHANDRAPUR,Chandrapur,"Niwane Hospital, Near Benglur Bakery, Kasturba Road, Chandrapur",442402,,19.957547,79.295961
Christanand Education Society Blood Bank,Maharashtra,CHANDRAPUR,Chandrapur,"Christanand Education Society Blood Bank,  Christanand Hospital, Gujri Ward No.2, Brahmapuri",441206,christanandhosp@gmail.com,20.607715,79.855757
Shahada Blood Bank (Whole Human Blood),Maharashtra,DHULE,,Shahada,,,21.554796,74.472875
Shri Bhausaheb Hire Government Medical College and Hospital Blood Bank,Maharashtra,DHULE,Dhule,"Civil Hospital Compound, Sakri Road Dhule",424001,bloodbankdhule@gmail.com,20.863814,74.761869
Jawahar Medical Foundation Blood Bank,Maharashtra,DHULE,Dhule,"Hutatma Shririshkumar Nagar, Opposite to Jawahar Suthgirani, Morane, Sakri Road, Dhule",424001,acpm@rediffmail.com,20.90361,74.741293
Jeevan Jyoti Blood Bank,Maharashtra,DHULE,Dhule,"3252 Agra Road, Near Prabhakar Theater",424001,bb_jyoti@yahoo.com,20.897883,74.775354
Nirnay Janseva Blood Bank,Maharashtra,DHULE,Dhule,"Fulwala Chowk, (C.S.No.1415/A/1/A) Lane No. 4  Dr. Odhekar Building, Agra Road",424001,nirnayjansevabloodbank@gmail.com,20.904116,74.77767
Arpan Blood Bank,Maharashtra,DHULE,Dhule,"Atul Medical and Rehabilitation Society, Arpan Blood Bank,  Jain Oswal Boarding, Ganpati Road, Near Santoshi Mata Mandir, Dhule, Nashik ",424001,,20.904116,74.77767
 Late  Shri Mukeshbai Patel Blood Bank ,Maharashtra,DHULE,Dhule,"Shree Swami  Samartha Vaidyakiya  Shaikshanik and Sanshodhan Sanstha, Late  Shri Mukeshbai Patel Blood Bank, 1st Floor, Agrasen  Patpedhi, Maharaja Complex  Shirpur, Dhule ",424001, bb_shirpur@yahoo.com,21.458578,74.961094
Sub-District Rural Hospital Blood Bank,Maharashtra,GADCHIROLI,Gadchiroli,"Aheri, At Post and Tal., Aheri, Gadchiroli",442705,ms.sdhaheri@gmail.com,19.414671,80.003753
Civil Surgeon - General Hospital Blood Bank,Maharashtra,GADCHIROLI,Gadchiroli,"Gadchiroli, General Hospital Blood Bank, Gadchiroli",442605,bloodbankgadchiroli@gmail.com,20.170208,79.982909
Bai Gangabai Ladies Hospital Blood Bank,Maharashtra,GONDIA,Gondia,"Gondia, Bai Gangabai Ladies Hospital Blood Bank, Civil Lines,  Gondia",441601,msbgwhgondia@gmail.com,21.459648,80.196834
Civil Surgeon - District General Hospital Blood Bank,Maharashtra,HINGOLI,Hingoli,"Akola Road Risala Bazar, Hingoli",431513,Bloodbankhingoli@gmail.com,19.721787,77.154487
Civil Hospital Blood Bank,Maharashtra,JALGAON,Jalgaon,"Civil Hospital Blood Bank, Dixit Wadi, Zilha Peth, Jalgaon",425001,,21.00845,75.568216
Madhavrao Golwalkar Swayamsevi Blood Bank,Maharashtra,JALGAON,Jalgaon,"11-255-J-JMP Market, Chitra Chowk, Near Kombadi Bazar, Jalgaon",425001,,21.016507,75.564845
Jeevan Surabhi Blood Bank,Maharashtra,JALGAON,Jalgaon,"Kargaon Road, Laxmi nagar,  Chalisgaon, Jalgaon",424101,jsbb@live.in,20.464642,74.998859
Jeevanshri Raktapedi,Maharashtra,JALGAON,Jalgaon,"Ist Floor, Rasmanju Complex, Bhagwat Road, Amalner ",425401,,21.045399,75.063926
Dhanwantri Blood Bank,Maharashtra,JALGAON,Jalgaon,"H. No. 5/464/1, T. P. Scheme, No-1, Survey No 124/1/3A Plot No. 777/3, Jamner Road, Rangoli Hotel, Jawal Anand Nagar Bhusawal, Jalgaon ",425201,bloodbank308@yahoo.com,21.034297,75.781029
Godavari Foundation Blood Bank,Maharashtra,JALGAON,Jalgaon,"Hospital Building, 2nd Floor, Gate No. 315/316/321/305 Jalgaon - Bhsawal Road, N.H. No. 6,  Jalgaon (kh) ",425309,,21.023689,75.705103
Indian Red Cross Society Blood Bank,Maharashtra,JALGAON,Jalgaon,"Near Civil Hospital, Athwadi Bazar, Opposite to B.J.Market, Jalgaon",425001,ircs_jal@yahoo.in,21.011122,75.567945
M/s. Jalgaon Blood Bank and Component,Maharashtra,JALGAON,Jalgaon,"Near Mahesh Pragati Bhavan, Ring Road, Jalgaon",425002,jalgaon.bb@gmail.com,21.00408,75.493766
Askaran Tarachand Jain Blood Bank,Maharashtra,JALGAON,Jalgaon,"Jawahar Market, First Floor, Near Police Station Chopda, Jalgaon",425107,,21.008464,75.568216
Civil Surgeon General Hospital Blood Bank,Maharashtra,JALNA,Jalna,"Balod Bank Survey No-488, Infront of Collector Office, Civil Hospital, Jalna  ",431203,,19.84031,75.888795
Jankalyan Blood Bank,Maharashtra,JALNA,Jalna,"Wing No. 03, S. No. 224, Shri Chatrapati Shivaji Maharaj Bazar Sankul, Old Cotton Market Yard",431203,jalnajankalyan@gmail.com,19.867491,75.879779
Noor Hospital Blood Bank,Maharashtra,JALNA,Jalna,"Aurangabad - Jalna Road, Warudi, Tq- Badnapur, Jalna",431202,"iimsk11@gmail.com, iimsr11@gmail.",19.860878,75.664447
Rajashri Chatrapati Shahu Maharaj Government Medical College and Chatrapati Pramilaraje General Hospital Blood Bank,Maharashtra,KOLHAPUR,Kolhapur,"Dasara Chowk, Somwar Peth, C. P. R. Hospital Compound, Kolhapur
",416001,rcsmgmc.cprbloodbank@gmail.com,16.701443,74.227074
Late Balasaheb Datye - Lions Blood Bank,Maharashtra,KOLHAPUR,Kolhapur,"5/468, Datye Mala, Lions Park,  Ichalkaranji, Tal-Hatkanangale, Kolhapur
",416115,lbbank89@gmail.com,16.681682,74.467741
Rajarshi Shahu Blood Bank,Maharashtra,KOLHAPUR,Kolhapur,"Rotary Samaj Seva Centre, 253, K.E.Assembly Road, Kolhapur
",416002,rsbbkop@gmail.com,16.691308,74.244866
Mahatma Gandhi Hospital Blood Bank,Maharashtra,KOLHAPUR,Kolhapur,"At Post - New Pargaon, TQ-Hatkanangale, Kolhapur",416137,mghbbnewpargaon@gmail.com,16.86221,74.240034
Annasaheb Galatge Lions Blood Bank,Maharashtra,KOLHAPUR,Kolhapur,"Doctor&#39;s Colony, Gadhinglaj, Kolhapur",416502,annasahebg@gmail.com,16.186455,74.372559
Acharya Shree Tulsi Blood Bank ,Maharashtra,KOLHAPUR,Kolhapur,"Gate No.1232 Sangli - Kolhapur Road, Jaysingpur Udgaon, Kolhapur
",416101,tulsiblood@rediffmail.com,16.785709,74.56459
Dr. D. Y. Patil Hospital Blood Bank,Maharashtra,KOLHAPUR,Kolhapur,"Kadamwadi, Kolhapur",416003,dypihbt@yahoo.com,16.715186,74.256447
Arpan Blood Bank - Blood Component and Apheresis Centre Kolhapur,Maharashtra,KOLHAPUR,Kolhapur,"1st Floor, Saroj Appartment, Subhash Road 1315, &#39;C&#39; Ward,  Opposite to Shramik Bhavan, Laxmipuri, Kolhapur",416001,babasahebaghav@gmail.com,19.189209,72.97706
Sai Seva Medical Foundation - Vaibhavlaxmi Blood Bank,Maharashtra,KOLHAPUR,Kolhapur,"1036/A, E- Ward, 1st  Floor, Deccan Engineering, Opposite to Parvati Multiplex, Rajaram Road, Kolhapur
",416001,,19.205274,72.840465
Kolhapur Municipal Corporation Blood Bank,Maharashtra,KOLHAPUR,Kolhapur,"C.T.S. 83 D-Ward, Near Kasba Gate Police, Chowky, Kolhapur
",416002,kmcbloodbank@ymail.com,16.698607,74.223891
Sanjeevan Blood Bank,Maharashtra,KOLHAPUR,Kolhapur,"250/B/65  First Floor, Lucky Naresh Banglow, Opposite to Collector Office, Nagala Park, Kolhapur, 
",416002,ssfarakte@yahoo.in,16.706599,74.231346
Shri.R.R.Patil Shikashan Sheti sanshodhan Aani vikas sanstha Blood Bank,Maharashtra,KOLHAPUR,Kolhapur,"M/s Adhar Blood Bank, 1st Floor, C.S. No. 16432 / 1, H No. 12/966, C/o. Dr. Dilip Joshi Hospital, Sambhaji Chowk, Rajaram Road, Ichalkaranji, Tal - Hatkanangle, Kolhapur",416115,adharbbi@gmail.com,16.680271,74.461733
Government Medical College General Hospital Blood Bank,Maharashtra,LATUR,Latur,"Blood Bank, Government Medical College & Hospital, Old Railway Station,  Gandhi Chowk, Latur",413512,"bloodbankgmclatur@yahoo.co.in, csnrhmlatur@rediffmail.com",18.39451,76.578201
IRCS - Dr. Bhalchandra Blood Bank,Maharashtra,LATUR,Latur,"Red Cross Bhavan, Gandhi Market, Latur ",413512,"ircslatur@gmail, bhalbloodbank@rediffmail.com",18.401208,76.580639
Smt. Saraswati Karad Blood Bank,Maharashtra,LATUR,Latur,"MIMSR Medical College and Y.C.R. Hospital, Vishwanath Puram,  Ambejogai Road, Latur",413512,bloodbank@mimsr.edu.in,18.429485,76.577846
IRCS Nagappa Amberkhane Blood Bank,Maharashtra,LATUR,Latur,"Banshelki Road Near Nalegaon Railway Crossing Gate Udgir, Latur ",413517,bloodbankudgir@yahoo.com,18.392306,77.106985
Arpan Blood Bank Latur,Maharashtra,LATUR,Latur,"H.No R-3-1030,  Old Sonawane Hospital, Near  Ashok Hotel, Main Road, Latur",413512,balbhim.chavan@arpanbloodbank.org,18.408491,76.551573
Mauli Blood Bank,Maharashtra,LATUR,Latur,"Gayatri Hospital, Barshi Road, Latur ",413512,maulibloodbanklatur@gmail.com,18.451173,73.89143
Global Hospital Blood Bank,Maharashtra,MUMBAI,Mumbai,"No. 35, Dr. Ernest Borges Road, Hospital Avenue, 
Opposite to Shirodkar High School, Parel, Mumbai.",400012,,18.999282,72.840787
ACTREC,Maharashtra,MUMBAI,Mumbai,"Department of Transfusion Medicine, ACTREC, 
Tata memorial centre, 
Sector 22 Kharghar, 
Navi Mumbai.",410210,,19.065019,73.064508
Ashirwad Blood Bank,Maharashtra,MUMBAI,Mumbai,"Imperial Mahal, 2nd Floor  Above Shabana Stores, Khodadad Circle, Dr. B. A. Ambedkar Road, Dadar TT,  Mumbai",400014,,19.017341,72.848164
Asian Heart Institute and Research Center,Maharashtra,MUMBAI,Mumbai,"ICICI Tower,  Bandra Kurla Complex, Bandra (E) Mumbai",400051,,19.065253,72.860832
B.S.E.S M.G. Hospital Blood Bank,Maharashtra,MUMBAI,Mumbai,"Rotary D. G. Goenka Blood Bank, Near Railway Station Andheri (W), Mumbai",400058,,19.119457,72.844948
Bandra Holy Family Hospital Society Blood Bank,Maharashtra,MUMBAI,Mumbai,"Saint Andrews Road, Bandra, Mumbai",400050,,19.055059,72.827202
Bhabha Atomic Research Centre Hospital Blood Bank,Maharashtra,MUMBAI,Mumbai,"BARC Hospital, Anushakti Nagar Mumbai",400094,,19.042464,72.914358
Bhatia General Hospital and Blood Bank,Maharashtra,MUMBAI,Mumbai,"Tukaram Javji Road, Tardeo, Mumbai",400007,,,
Bombay Hospital Trust Blood Bank,Maharashtra,MUMBAI,Mumbai,"12, New Marine Lines Mumbai",400020,,18.94103,72.82816
Borivali Blood Bank (Doshi Memorial Charitable Trust),Maharashtra,MUMBAI,Mumbai,"3,4,5, Vithal Apartment, Near Ram Mandir, Mandpeshwar Road, Opposite, Flyover,  Borivali (w) ",400103,,19.199816,72.845937
Breach Candy Hospital And Research Centre Blood Bank,Maharashtra,MUMBAI,Mumbai,"60 A, Bhulabhai Desai Road, Mumbai",400026,,18.972677,72.804312
B. Y. L. Nair Hospital Blood Bank,Maharashtra,MUMBAI,Mumbai,"New OPD Building. 2nd Floor, Dr. A. L. Nair Road Mumbai Central, Mumbai ",400008,,18.974279,72.822573
Cama and Albles Hospital - Abdul Fazalbhoy Blood Bank,Maharashtra,MUMBAI,Mumbai,"Mahapalika Marg, Mumbai CST",400001,,18.941948,72.832185
Cumbala Hill Hospital And Heart Institute Blood Bank,Maharashtra,MUMBAI,Mumbai,"93-95, August Kranti Maidan, Mumbai",400036,,,
Dr. Babasaheb Ambedkar Memorial Hospital - Central Railway Hospital Blood Bank,Maharashtra,MUMBAI,Mumbai,"Central Railway Byculla, (E) Mumbai",400027,,,
Dr. L. H. Hiranandani Hospital Blood Bank,Maharashtra,MUMBAI,Mumbai,"Hill Side Avenue, Hiranandani Gardens, Powai ",400076,,19.120591,72.917105
ESIC Model Hospital cum ODC Blood Bank,Maharashtra,MUMBAI,Mumbai,"Room No. 20/A, 1st Floor, ESIC Model Hospital cum ODC & PGIMSR, Central Road, M.I.D.C, Opposite to MIDC Police Station, Andheri (East), Mumbai ",400 093,esicbloodbank.andheri93@gmail.com,19.118392,72.86724
Fortis Hospital Blood Bank,Maharashtra,MUMBAI,Mumbai,"Mulund Goregaon Link Road, Nahur , Mumbai ",400078,bloodbank.mul@fortishealthcare.com,19.162122,72.942063
G. T. Hospital Blood Bank,Maharashtra,MUMBAI,Mumbai,"Near L.T.Marg Police Station, Mumbai",400001,,18.946532,72.833317
Harilal Bhagwati Hospital Blood Bank,Maharashtra,MUMBAI,Mumbai,"S. V. P. Road, Borivali-W, Mumbai",400103,,19.245458,72.856027
Suburban Hi-tech Blood Bank,Maharashtra,MUMBAI,Mumbai,"Shagun Building, 2nd Floor, 206, Rani Sati Road, Malad (E)",400097,,19.183781,72.849166
Holy Spirit Hospital Blood Bank,Maharashtra,MUMBAI,Mumbai,"Mahakali  Road, Andheri (E), Mumbai",400093,,19.128442,72.866496
Indian Red Cross Society Bombay City Branch Blood Bank,Maharashtra,MUMBAI,Mumbai,"Blood Centre, 141, Shahid Bhagatsingh Road, Town Hall Compound, Near R.B.I. Fort",400001,,18.932476,72.836574
INS - Ashwini Blood Bank,Maharashtra,MUMBAI,Mumbai,"Near R. C. Church, Colaba, Mumbai",400005,,18.901263,72.815698
Jaslok Hospital And Research Centre Blood Bank,Maharashtra,MUMBAI,Mumbai,"15, Dr. G. Deshmukh Marg, Mumbai",400026,,18.971653,72.809968
K. B. Bhabha General Hospital Blood Bank,Maharashtra,MUMBAI,Mumbai,"R. K. Patkar Marg, Bandra (W), Mumbai",400050,,19.057493,72.833636
K. J. Somaiya Medical College and Hospital Blood Bank,Maharashtra,MUMBAI,Mumbai,"Somaiya Ayurvihar Complex, Eastern Express Highway, Sion, Mumbai ",400022,,19.047282,72.874706
K. E. M. Hospital Blood Bank,Maharashtra,MUMBAI,Mumbai,"Acharya Donde Marg, Parel, Mumbai",400012,,19.001515,72.841877
Kohinoor Hospital Blood Bank,Maharashtra,MUMBAI,Mumbai,"Upper Basement, Room No. 29 to 43, Kirol Road, Off L.B.S Marg, Kurla (w)",400070,,19.076212,72.886208
Kokilaben Dhirubhai Ambani Blood Bank,Maharashtra,MUMBAI,Mumbai,"4 Bunglows, Achutrao Patwardhan Marg, Andheri (west), Mumbai ",400053,,19.131221,72.824772
Lilavati Hospital and Research Centre Blood Bank,Maharashtra,MUMBAI,Mumbai,"A 791, Bandra Reclamation, Bandra (W), Mumbai",400050,,19.051089,72.828889
Lokmanya Tilak Municipal Hospital Blood Bank,Maharashtra,MUMBAI,Mumbai,"O. P. D. Building, 1st Floor, Sion (W), Mumbai",400022,,19.036984,72.859049
Mahatma Gandhi Seva Mandir Blood Bank,Maharashtra,MUMBAI,Mumbai,"Mahatma Gandhi Seva Mandir Hospital, 2nd Floor, Opposite to Bandra Lake, S. V. Road, Bandra (W), Mumbai  ",,,19.055801,72.836932
Manas Serological Institute Blood Bank,Maharashtra,MUMBAI,Mumbai,"CTS NO-167 / 168 / A1, 101-104, Grace Plaza, S. V. Road, 
Near Railway Phatak, Jogeshwari (W), Mumbai ",400102,,19.13522,72.848108
Masina Hospital Blood Bank,Maharashtra,MUMBAI,Mumbai,"Sant Savta Marg, Byculla (E) ",400027,"bloodbankmasina@gmail.com, bloodbankmasina@rediffmail.com",18.974886,72.835711
Mumbai Port Trust Blood Bank,Maharashtra,MUMBAI,Mumbai,"Nadkarni Park, Wadala (E) Mumbai",400037,,,
N.  Wadia Maternity  Hospital Blood Bank,Maharashtra,MUMBAI,Mumbai,"Acharya Donde Marg, Parel, Mumbai",400012,wadiabloodbank@gmail.com,19.003238,72.842837
Matoshri Valbai Mulji Shah - Arpan Blood Bank,Maharashtra,MUMBAI,Mumbai,"Aniraj Tower,  Janta Market, L.B.S Marg, Bhandup (W), Mumbai",400078,,19.142653,72.933304
Navjivan Blood Bank and Lab,Maharashtra,MUMBAI,Mumbai,"Shop No.1, Abhilasha II, Punjabi Lane Borivali (W)",400092,,19.23024,72.852643
P. D. Hinduja National Hospital And Medical Research Centre Blood Bank,Maharashtra,MUMBAI,Mumbai,"Veer Savarkar Road, Mahim (W), Mumbai",400016,,19.033615,72.838105
Meenatai Thackeray Blood Bank - Siddharth Hospital,Maharashtra,MUMBAI,Mumbai,"Siddharth Nagar, Prabhodhan Kridabhawan Marg,
Goregaon (W)",400104,,19.159649,72.840284
Prince Aly Khan Hospital Blood Bank,Maharashtra,MUMBAI,Mumbai,"Aga Hall, Nesbit Road, Mazgaon, Mumbai ",400010,,18.97084,72.836617
Dr. R. N. Cooper General Hospital Blood Bank,Maharashtra,MUMBAI,Mumbai,"North south Road No-1, Juhu, Vile-Parle (W) Mumbai",400056,,19.107714,72.835618
Rajawadi Blood Bank - Seth V. C. Gandhi & M. A. Vora Municipal General Hospital,Maharashtra,MUMBAI,Mumbai,"Seth V. C. Gandhi and M. A. Vora M, Rajawadi, Ghatkopar-(E), Mumbai",400077,,19.079304,72.901693
S. L. Raheja Hospital Blood Bank,Maharashtra,MUMBAI,Mumbai,"Mahim, Raheja Rugnalaya Marg, Mumbai",400016,,19.046572,72.842207
S. R. Mehta and Sir. K.P. Cardiac Institute Blood Bank,Maharashtra,MUMBAI,Mumbai,"Plot No. 96, Road No.31, King Circle Sion, (E) Mumbai  ",400022,,19.032412,72.85958
Saifee Hospital Trust Blood Bank,Maharashtra,MUMBAI,Mumbai,"15/17, Maharishi Karve Marg, Opposite to Charni Road Station Mumbai",400004,,18.952471,72.818058
Sarvodaya Hospital Samarpan Blood Bank,Maharashtra,MUMBAI,Mumbai,"Office Building, 2nd Floor, Sarvodaya Hospital, LBS  Marg, Ghatkopar (W), Mumbai",400086,,19.089801,72.907187
Seven Hills Health Care Private Limited Hospital Blood Bank,Maharashtra,MUMBAI,Mumbai,"Blood Bank, 2nd Floor, Block-16, Seven Hills Hospital,  Survey No.155, 156, 162 - 168 Part, Marol - Maroshi Road,  
Andheri (E), Mumbai ",400059,,19.117797,72.87809
Shushrusha Citizens Co-operative Hospital Blood Bank,Maharashtra,MUMBAI,Mumbai,"698-B Ranade Road, Dadar, Mumbai",400028,,19.023426,72.837899
Sir J.J.Group of Hospital Blood Bank,Maharashtra,MUMBAI,Mumbai,"Main Building, Ground Floor, Sir J. J. Hospital, Byculla, Mumbai",400008,,18.962909,72.833639
Sir J.J.Mahanagar Rakthapedhi,Maharashtra,MUMBAI,Mumbai,"Sir J.J Mahanagar Raktapedhi, F. D. Petit Building, J.J.Campus, J. J. Road, Byculla, Mumbai ",400008,,18.963334,72.832489
Tata Memorial Hospital Blood Bank,Maharashtra,MUMBAI,Mumbai,"5th Floor, Service Block, Dr. E. Borges Road, Parel, Mumbai ",400012,,19.004856,72.842945
The B.D. Petit Parsee General Hospital Blood Bank,Maharashtra,MUMBAI,Mumbai,"B.Petit Road, Cumballa Hill,  Mumbai",400036,,18.968704,72.805743
West Coast Blood Bank,Maharashtra,MUMBAI,Mumbai,"Basement 101, Moon Building, 798, Mori Road, Mahim(W), Mumbai",400016,westcoastbloodbank@gmail.com,19.042954,72.84073
M/s. Balasaheb Thackerey Blood Bank,Maharashtra,MUMBAI,Mumbai,Mumbai,,,,
M/s. Pallavi Blood Bank,Maharashtra,MUMBAI,Mumbai,Mumbai,,,,
"ESI-PGIMSR, MGM Hospital Blood Bank",Maharashtra,MUMBAI,Mumbai,Mumbai,,,,
M/s Sion Blood Bank,Maharashtra,MUMBAI,Mumbai,Mumbai,,,,
Harkisandas  Marottamdas Hospital Blood Bank,Maharashtra,MUMBAI,Mumbai,Mumbai,,,,
Government Medical College Blood Bank Nagpur,Maharashtra,NAGPUR,Nagpur,"Model Blood Bank, 2nd Floor, Hospital Building, Government Medical College & Hospital, Nagpur  ",440003,gmchbbngp@gmail.com,21.126097,79.097101
Super Speciality Hospital and Medical Post Graduate Institute Blood Bank,Maharashtra,NAGPUR,Nagpur,"Maenad Road, Near RST Cancer Hospital, Nagpur",440003,,21.123952,79.102367
Indira Gandhi Medical College and Hospital Blood Bank,Maharashtra,NAGPUR,Nagpur,"IGMC Hospital, Central Avenue Road, Nagpur ",440018,igmc@rediffmail.com,21.153917,79.092894
Daga Memorial Women Government Hospital Blood Bank,Maharashtra,NAGPUR,Nagpur,"Gandhibag, Nagpur",440002,msdaga_WomenHosp@redifmail.com,21.151511,79.105434
Jeevan Jyoti Blood Bank and Component,Maharashtra,NAGPUR,Nagpur,"J P Chamber, Madhav Nagar, Dakshin Ambakshari Road  Nagpur",440010,jjbb21@hotmail.com,21.123051,79.057149
Dr. Hegdewar Blood Bank,Maharashtra,NAGPUR,Nagpur,"2, Sitaram Smruti, West High Court Road, Laxmibhuvan Square, Audumbar Apartment, Dharmpeth, Nagpur ",440010,hbbnagpur687@gmail.com,21.140579,79.060505
Sainath Blood Bank,Maharashtra,NAGPUR,Nagpur,"531,Jaiswal Building, Above R.K. Traders, Old shukrawari Road, Sakkardara Nagpur",440024,sainathbloodbank@gmail.com,21.134294,79.076369
Ayush Blood Bank and component Lab,Maharashtra,NAGPUR,Nagpur,"9th Floor, A wing, 901-905, 910-912, Lokmat Building, Nagpur",440010,ayush_bbc@rediffmail.com,21.135231,79.072978
Lifeline Blood Bank Components and Apherisis Centre Blood Bank,Maharashtra,NAGPUR,Nagpur,"Neeti Gaurav complex , 2nd Floor, Central Bazar Road, Lokmat Square, Ramdaspeth, Nagpur ",400010,drwarbhe@gmail.com,21.138999,79.063093
Rainbow Blood Bank,Maharashtra,NAGPUR,Nagpur,"3rd Floor, 282, Rainbow Diagnostic Services Central Bazar Road, Ramdas Peth, Nagpur",440010,rainbowbloodbank.nagpur@gmail.com,21.133584,79.072736
"NKP Salve Institute of Medical Science and Research Center (Lata Mangeshkar Hospital), Blood Bank",Maharashtra,NAGPUR,Nagpur,"5, YMCA Complex, Digdoh Hills, Hingna Road, Nagpur",440019,,21.144346,79.078848
Nandkishor Education Society Trust - Arpan Voluntary Blood Bank,Maharashtra,NAGPUR,Nagpur,Nagpur,,,,
Dr. Shankarrao Chavan Government Medical College and Guru Govindsinghji Memorial Hospital Blood Bank,Maharashtra,NANDED,Nanded,"Vazirabad, Nanded ",,gmcbbnanded@gmail.com,19.109305,77.29295
Indian Red Cross Society Blood Bank,Maharashtra,NANDED,Nanded,"Parsi Anjuman Complex, Vazirabad, Nanded      ",431602,ircsnanded@gmail.com,17.399811,78.485456
Golvalkar Guruji Blood Bank,Maharashtra,NANDED,Nanded,"Plot No.2-12-407, Bandhaghat Road, Vazirabad, Nanded",431601,,19.168646,77.326553
Arpan Blood Bank,Maharashtra,NANDED,Nanded,"2nd Floor, Dayma Complex, Doctor Lane, Ghamodia,Nanded",431601,,19.161084,77.303022
Guru Gobindsinghji Blood Bank,Maharashtra,NANDED,Nanded,"Geeta Bhavan 1 & 2 Floor, House No 3-1-366, Near Government, Opposite to Ayurvedic College, Bus Stand Road, Vazirabad, Nanded          ",431601,ggbloodbank@gmail.com,19.156029,77.309
Nanded Blood Bank,Maharashtra,NANDED,Nanded,"Shivaji Nagar ,Opposite to Adhar Hospital, Nanded ",431602,nandedbloodbank@gmail.com,19.161264,77.304543
Hazur Saheb Blood Bank,Maharashtra,NANDED,Nanded,"2nd Floor, Opposite to Bank of India, Sant Kripa Market, GG Road, Nanded ",431601,shs.bloodbanknanded@gmail.com,19.153093,77.318654
Civil Surgeon - District General Hospital Blood Bank,Maharashtra,NANDURBAR,Nandurbar,"Nandurbar, Railway Station Road Survey No.406, Civil Hospital Compound,  Sakri Road, Near Collector Office Nandurbar  ",425412,"rmochndb@gmail.com, dponandurbar@mahasacs.org",21.33867,74.234768
Sahada Blood Bank - Shree Swami  Samartha Vaidyakiya  Shaikshanik and Sanshodhan Sanstha ,Maharashtra,NANDURBAR,Nandurbar,"C/o. 1st Floor, Shushrut Hospital, Khetiya Road, Survey 
No. 67/3, Plot No. 3, Sahada, Nandurbar",425409,bb_shahada@yahoo.com,21.554798,74.472874
Jankalyan Rakta Pedhi,Maharashtra,NANDURBAR,Nandurbar,"Nandurbar,1st Floor, Vivekanand Hospital, Desaipura, Nandurbar ",425412,jankalyanbbndb@gmail.com ,21.36433536,74.24463853
Malegaon Blood Bank,Maharashtra,NASHIK,Malegaon,"2nd Floor, West End Complex, Satana Naka, Malegaon ",423203,"malegaonb@gmail.com, ",20.55474,74.524396
Seva Blood Bank,Maharashtra,NASHIK,MALEGAON,"Nilkanth Building, Satana Naka, Satana Road, Malegaon, Nashik",423203,sevabloodbankmalegaon@gmail.com,20.552689,74.516643
Roachabai Sugnomal Manwani - Cantonment General Hospital Blood Bank,Maharashtra,NASHIK,Nashik,"Vadner Road, Devlali, Nashik",422401,,19.903354,73.825824
Metro Blood Bank - District (Civil) Hospital Nashik,Maharashtra,NASHIK,Nashik,"District - Civil Hospital Blood Bank, Near Thakkar Bazaar,  Trimbak Naka, Nashik",422001,"civilbloodbanknsk@gmail.com, ",19.996886,73.778198
Sainik Aspatal Military Hospital Blood Bank,Maharashtra,NASHIK,Nashik,"Sainik Aspatal, Military Hospital, Deolali",,,19.9483203,73.841866
Ansar Blood Bank,Maharashtra,NASHIK,Nashik,"1398/1, Islampura, Industrial Society Compound, Quidwai Road, Malegaon, Nasik",423203,,20.552043,74.532641
Arpan Blood Bank and Blood Component Laboratory and Research Centre,Maharashtra,NASHIK,Nashik,"1st Floor, Office No.102/103, Dr. Athawale Chambers, Opposite to Gavkari Press Tilak Path, Nashik 
",422001,,20.004874,73.787164
Jankalyan Blood Bank,Maharashtra,NASHIK,Nashik,"3, Shree Nagar, Old Gangapur Naka, Gangapur Road, Nashik
",422013,rssjan_nsk@rediffmail.com,20.008838,73.7702
NDMVPS Medical College and Hospital Blood Bank,Maharashtra,NASHIK,Nashik,At Post Adgaon Dist Nashik ,,,20.037363,73.852998
Samta Blood Bank,Maharashtra,NASHIK,Nashik,"F-1, 1st Floor Suyojit Comercial Complex, Mumbai Agra Highway, Below Data Mastics, Mumbai Naka, Nashik 
",422001,samtabloodbank@gmail.com,19.984791,73.782607
Sanjeevani Blood Bank,Maharashtra,NASHIK,Nashik,"Nashik, Krushna-Chaya Bangla, Plot No. 10/11, Kurdukar Nagar, Behind Fame Theatre, Nashik Pune Road, Nashik ",422006,,19.975586,73.803963
Jijau Mahila Sevabhavi Sansthan Nashik Blood Bank and Transfusion Research institute Blood Bank,Maharashtra,NASHIK,Nashik,"Ishwar Krupa Ganesh Nagar, Tidke Colony, Nashik ",,,19.990656,73.775241
The Santajee Educational and Medical foundation Trust - Jeevan  Blood Bank ,Maharashtra,NASHIK,Nashik,"Suyojit City Center, G-11, 12, 13, S. No. 567/1/1 & 567/1/3 (CTS No. 7249 & FP No. 60) Mumbai Naka, Near Mahamarg Bus Stand, Nashik 
",,,19.987781,73.784138
SMBT Institute of Medical Science and Research Centre - Blood Bank and Component,Maharashtra,NASHIK,Nashik,"SMBT Institute of Medical Science & Research Centre, Blood Bank & Component,  Block-101, Ground Floor, �A� Wing, New SMBT Hospital Building, Survey No. 470, Nandihills Appt., At Post-Dhamangaon, Ghoti, Igatpuri, Nashik
",422002,,19.76062,73.769851
Hindustan Aeronautics Limited Blood Bank,Maharashtra,NASHIK,Nashik,"HAL, Aircraft Division, HAL, In Front of GES HAL High School, Ojhar Township, Niphad, Nashik
",,,20.105897,73.931932
J.D.C. Bytco Hospital Blood Bank,Maharashtra,NASHIK,Nashik,"1st Floor, Bytco Hospital, Nashik Road, Behind Durga Garden, Shahu Path, Nashik",422101,,19.949132,73.838742
Regional Referal Hospital Blood Bank,Maharashtra,NASHIK,Nashik,"Medical Superintendent, Regional Referal Hospital (Superspeciality Hospital) Blood Bank, Nashik",,,,
Shri Krishna Blood Bank,Maharashtra,OSMANABAD,Omerga,"Dr. Patange Hospital Building, Ajay Nagar Omerga, Omerga,  Osmanabad  ",413606,dr.dbpatange@yahoo.com,17.83503,76.622149
"Civil Surgeon, General Hospital Blood Bank",Maharashtra,OSMANABAD,Osmanabad,"Civil Hospital Osmanabad, Tqand, Osmanabad ",413501,"bloodbankosmanabad@gmail.com, cs_osmanabad1@rediffmail.com",18.18077,76.034735
Civil Surgeon - District General Hospital Blood Bank,Maharashtra,PARBHANI,Parbhani,"Blood Bank Civil Surgeon, District General Hospital Blood Bank, Subhash Road, Parbhani
",414001,bloodbankghp@gmail.com,19.271699,76.765032
Kanthak Sevabhavi Sanstha - New Life Blood  Bank,Maharashtra,PARBHANI,Parbhani,"Plot No 22, Survey No 389 and 394, Beside Gurudwara, Station Road, Parbhani ",431401,newlifebloodbank@gmail.com,19.273124,76.782625
Indian Red Cross Society Blood Bank,Maharashtra,PUNE,Baramati,"Indian Red Cross Society (IRCS), (Late Manikbai Chandulal Saraf) Blood Bank, Near Government Silver Jubilee Hospital, Patas Road, Baramati, Pune",413102,ircsbbbaramati@gmail.com,18.152597,74.574996
Pune Chest and General Hospital Blood Bank,Maharashtra,PUNE,Pune,"Aundh Cest Hospital, Aundh Camp, Pune",411027,,18.575032,73.80537
Sasoon Sarvopchar Hospital Blood Bank,Maharashtra,PUNE,Pune,"Ground Floor, Section 5, Opposite to Central Medical Stores, Station Road, Pune",411021,bjmc.bloodbank@gmail.com,18.515846,73.858714
Armed Forces Blood Bank,Maharashtra,PUNE,Pune,"Vanwadi Armed Force Medical College, Pune",411040,,18.505159,73.889694
Jankalyan Raktapedhi Pune,Maharashtra,PUNE,Pune,"1003, Shukrawar Peth, Swargate - Saras Baugh Road, Near Natraj Hotel, Pune",411002,janrakta@gmail.com,18.50092,73.857531
Inlaks Budharani Hospital Blood Bank,Maharashtra,PUNE,Pune,"7-9, Koregaon Park, Pune",411001,,18.534391,73.887409
Indian Serological Institute Blood Bank,Maharashtra,PUNE,Pune,"21, Anand Baugh, Navi Peth, Near Vaikunth, Pune",411030,isibloodbank@rediffmail.com,18.506291,73.84264
Acharya Anandrushiji Blood Bank,Maharashtra,PUNE,Pune,"191-192, New Sadashiv Peth, S. M. Joshi Foundation Building, Near Patrakar Bhavan, Pune",411030,,18.508647,73.844846
Akshay Blood Bank,Maharashtra,PUNE,Pune,"Survey No.10/1/3, Unnati Nagar, Bantar High School, Hadapsar, Pune",411028,akshaybloodbankpune@gmail.com,18.47143,73.959674
Garware Blood Bank - Talegaon Rural Hospital,Maharashtra,PUNE,Pune,"Talegaon Dhabhade, Maval, Pune ",410507,,18.735319,73.675984
Jehangir Hospital Blood Bank,Maharashtra,PUNE,Pune,"32, Sasoon Road, Pune ",411001,bloodbank@jehangirhospital.com,18.530392,73.876808
KEM Hospital Blood Bank,Maharashtra,PUNE,Pune,"Sardar Moodliar Road, Rastha Peth, Pune",411001,,18.519784,73.866906
Grant Medical Foundation A.H. Wadia Trust Blood Bank,Maharashtra,PUNE,Pune,"40, Sassoon Road, Ruby Hall Clinic, Post Box No. 70, Pune",411001,,18.533369,73.876939
Bharati Vidyapeeth Medical Foundation Blood Bank,Maharashtra,PUNE,Pune,"Sector - 28, Dhankawadi, Pune Satara Road, Pune",411043,,18.459914,73.855994
Padmashree Dr. D.Y. Patil (Vishweshwar) Blood Bank,Maharashtra,PUNE,Pune,"Padmashree, Dr. D. Y. Patil Medical College Hospital, Sant Tukaram Nagar, Pimpari, Pune",411018,,18.624175,73.82126
Deenanath Mangeshkar Hospital Blood Bank,Maharashtra,PUNE,Pune,"Erandawane, Near Mhatre Bridge, Pune",411004,,18.502108,73.832232
Poona Serological Institute Blood Bank,Maharashtra,PUNE,Pune,"C.T.S. No. 592, 3rd Floor, Dhanwantari Complex, Rasta Peth, Pune",411011,,18.516656,73.866532
Sahiyadari Speciality Hospital Blood Bank,Maharashtra,PUNE,Pune,"Kokoan Mitra Mandal Medical Port Trust&#39;s Sahiyadari Speciality Hospital Blood Bank, Plot No-30 C, Erandvane, Karve Road, Pune ",411004,,18.513091,73.839308
Aditya Birla Memorial Hospital Blood Bank,Maharashtra,PUNE,Pune,"Survey No:31, Near Morya Mangal Karyalay, Thergaon, Chinchwad, Pune ",411033,,18.625716,73.774775
Rakesh Jain Memorial Blood Bank,Maharashtra,PUNE,Pune,"Poona Hospital and Reserch Centre 27, Sadashiv Peth, Pune  ",411030,,18.510752,73.842158
Noble Hospital Blood Bank,Maharashtra,PUNE,Pune,"B-007, Basement C/o. Noble Hospital, 153 Magarpatta City Road, Hadapsar, Pune  ",411013,"skrcorporate@yahoo.co.uk, noblebloodbank@yahoo.in",18.505035,73.927256
Smt Kashibai Navale General Hospital Blood Bank,Maharashtra,PUNE,Pune,"Sr. No. 50/15 building NO.5 2nd Floor, Narhe, Ambegaon, Pune  ",411041,,18.45624,73.822183
Pimpari Serological Institute Blood Bank,Maharashtra,PUNE,Pune,"Esteem Tower, opposite K.S.B. Pump, Pune-Mumbai Highway, Kharalwadi, Pimpari ",411018,psibbpimpri@gmail.com,18.624322,73.807929
Chakan Blood Bank,Maharashtra,PUNE,Pune,"Sr. No. 4976/1/2 Gate No. 2401, Yashwantnagar Ambethan Road. A/P Chakan, Khed, Pune ",410501,,18.762296,73.860866
R.G Gholap Memorial Blood Bank,Maharashtra,PUNE,Pune,"Office No. 301, 3rd Floor Ashoka Centre, S. No - 47/14, Satara Road, Parvati, Pune",411009,gholapbloodbank@gmail.com,18.487158,73.857098
Kranti Mitra Mandal Charitable Trust Blood Bank,Maharashtra,PUNE,Pune,"1st Floor PMT Buiding Gadital, Hadapsar, Pune ",411028,,18.501083,73.939062
Krantiveer Chapekar Bandhu Blood Bank,Maharashtra,PUNE,Pune,"Pimpri Chinchwad Mahanagar Palika Talera Hospital, Tanaji Nagar Chinchwad, Pune  ",411033,,18.625689,73.784672
The New Century Medical & Education Foundation Trust - NCORD Blood Bank & Aphaeresis Centre,Maharashtra,PUNE,Pune,"NCORD Blood Bank and Aphaeresis centre, S. No. 241/2/1, Geet Ganga Building, Medipoint Hospital Lane, Baner, Pune",411007,,18.56475,73.800994
Ekta Apang Vikas Sanstha Blood Bank,Maharashtra,PUNE,Pune,"Office No. 17/18/19, 1st Floor, Sunshree Woods Commercial Complex, NIBM, Kondhwa, Haveli, Pune",411028,,18.477273,73.90302
Chattrapati Shahu Maharaj Pratisthan,Maharashtra,PUNE,Pune,"S.No. 30, 4th floor, office no. 41, 402, 403, and 5th floor off 502, waris Heights, Pune-Satara Road, Dhankwadi, Pune",411030,,18.466519,73.857679
Chattrapati Shahu Maharaj Pratisthan Blood Bank,Maharashtra,PUNE,Pune,"S. No. 30, 4th Floor, Office No. 41, 402, 403, and 5th Floor off 502, Waris Heights, Pune - Satara Road, Dhankwadi, Pune",411030,,18.466161,73.857642
M/s. Vidyashree Charitable Trusts Om Blood Bank,Maharashtra,PUNE,Pune,Pune,,,,
District Civil Surgeon Blood Bank,Maharashtra,RAIGAD,Alibag,"District Hospital Blood Bank, Civil Hospital Campus, Sea Face Road, Alibag  ",402201,bloodbankalibag@gmail.com,18.640782,72.871716
Kakasaheb Chitle Memorial Centre Sanchalit - Jankalyan Blood Bank,Maharashtra,RAIGAD,Mahad,"C.S. No. 1651, Near Lokmanya Vyayamshala, Shiwaji Chowk, Mahad, Raigad",402301,jkrp_mahad@redifmail.com,18.082736,73.42265
M.B. More Foundation Blood Bank,Maharashtra,RAIGAD,Mangaon,"Ghar. No. 412, 1st Floor, Mangaon, Morba Road, Opposite to Civil Hospital, Mangaon, Raigad
",431002,,19.067134,73.066397
Advanced Centre for Treatment Reasearch and Education in Cancer,Maharashtra,RAIGAD,Navi Mumbai,"Owe Village, Sector 22, Plot No. 2, Kharghar, Navi Mumbai ",410208,transmed.dept@actrec.gov.in,19.065019,73.064507
M/s. Navi Mumbai Blood Bank,Maharashtra,RAIGAD,Navi Mumbai,"Navi Mumbai Blood Bank, Vishwanath Bhavan, C-87, Sector 12, Kharghar, Navi Mumbai",410 210,navimumbaibb@gmail.com,19.034045,73.029533
Shree Sai Blood Bank & Component,Maharashtra,RAIGAD,Panvel,"103,104,105,1st Floor Tirthraj Building, Old Thana Naka Road, Near Taluka Police Station,  Old Panvel, Raigad",410206,,18.99397,73.106561
Rotary Club New Panvel charitable Trust s Late Dr. B.V. Limaye Blood Bank,Maharashtra,RAIGAD,Raigad,"Plot No-8, Sect.1, Khanda Colony, Mumbai Pune Road, New Panvel (W) ",410206,rotarybloodbank.newpanvel@gmail.com,19.008249,73.108321
Civil Surgeon - General Hospital Blood Bank,Maharashtra,RATNAGIRI,Ratnagiri,"Civil Hospital, Ratnagiri",415612,bloodbank.ghr123@gmail.com,16.989126,73.298866
Shree Swami Samarth Blood Bank,Maharashtra,RATNAGIRI,Ratnagiri,"B.K.L.Walwalkar Hospital Diagnostic & Research Centre, Shree Kshetra Darvan, Chiplun, Ratnagiri",415606,bloodbank@walawalkarhospital.com,17.399914,73.547448
Indian Red Cross Society Blood Bank,Maharashtra,RATNAGIRI,Ratnagiri,"Khareghat Road, Ratnagiri",415612,redcrossratnagiri@rediffmail.com,17.019013,73.298977
Indian Red Cross Blood Bank,Maharashtra,RATNAGIRI,Ratnagiri,Ratnagiri,,,,
Prakash Blood Bank & Blood Component Seperation Unit,Maharashtra,SANGLI,,"Prakash Shikshan Mandal&#39;s Prakash Hospital & Research Centre, Islampur Sangli Road, Uran - Islampur, Tal -Walwa, Dist- Sangli (Ms)
",415409,,,
Padmabhushan Vasantdada Patil Government Hospital Blood Bank,Maharashtra,SANGLI,Sangli,"Padmabhushan Vasantdada Patil Government Hospital , Blood Bank, Dr. Ambedkar Road, Sangli .                                         
",416416,sanglicivilbb@gmail.com,16.852571,74.574678
Rajaram Bapu Blood Bank,Maharashtra,SANGLI,Sangli,"Islampur C.S. No. 99/1, Near Islampur Spiral CT-Scan,
Peth-Sangli Road
",415409,rajarambapu.bloodbank@rediffmail.com,17.048399,74.251122
Vasantdada Patil Blood Bank and Haematology Research Centre,Maharashtra,SANGLI,Sangli,"AIP - Miraj, Mirasaheb Shopping Complex,  Opposite to City Police Station, Miraj, Sangli",416410,svpbb1984@rediffmail.com,16.82132,74.649492
Miraj Medical Centre - Wanless Hospital Blood Bank,Maharashtra,SANGLI,Sangli,"Wanless Hospital Blood Bank, Medical Centre, Miraj",416410,,16.832135,74.645472
Jeevan Rekha Charitable Trust Blood Bank,Maharashtra,SANGLI,Sangli,"H. No. 329/E, Ward No. 5, 1st Floor, Umrani Road, A/p-jath, Sangli
",416416,,17.049271,75.204853
Smt. Anila Kantilal Kothari Blood Bank & Department of Hemato Oncology,Maharashtra,SANGLI,Sangli,"Dr. D. K. Gosavi Memorial, Shri Siddhivinayak Ganapati Cancer Hospital, Sangli - Miraj Road, Miraj",416410,cancermiraj@gmail.com,16.833879,74.635364
Bharati Vidyapeeth University Medical college And Hospital Blood Bank,Maharashtra,SANGLI,Sangli,"A/p Wanlesswadi, Miraj 
",416414,,16.841716,74.617969
Hindratna Prakashbapu Patil Blood Bank,Maharashtra,SANGLI,Sangli,"2nd Floor, Siddhivinayak Commercial Complex Guest House, Miraj Road, Near Tata Petrol Pump, Sangli
",416416,hindratnabloodbank@gmail.com,16.8537,74.580099
Miraj Serological Institute Blood Bank,Maharashtra,SANGLI,Sangli,"S. No.795/A1, Dr. Bhalchandra Patil Hospital,  Zaribag Budhgaonkar Mala, Near Gulabrao Patil Medical College, Miraj 
",416410,msibloodbank@gmail.com,16.828931,74.639399
Akshay Blood Bank,Maharashtra,SANGLI,Sangli,"Plot No. 1/7, Near Anand Nursing Home, 2nd Floor, Miraj Sangli Road,  Sangli",416410,abbmiraj@gmail.com,16.838026,74.651827
Indian Red Cross Society Blood Bank - Shirgaonkar Blood Bank,Maharashtra,SANGLI,Sangli,"Opposite to Civil Hospital, Plot No. 49, City Survey No.601/7, Sangli",416416,shirgaonkar_sangli@yahoo.co.in,16.853702,74.575077
Shree Basaveshwar Manav Vikas Gramin Sevabhavi Sanstha Blood Bank,Maharashtra,SANGLI,Sangli,"Arihant Galaxy, 1st Floor, C.S. NO- 1599, Opposite to Civil Hospital, Garpir Road, Sangli
",416416,adarshbloodbank@gmail.com,16.842421,74.619929
Azad Panchi Group Charitable Trust Blood Bank,Maharashtra,SANGLI,Sangli,"Near Civil Hospital, Ganesh Nagar, 1st Lane, S. No. 1682, Sangli
",416416,msibloodbank@gmail.com,16.844539,74.572891
S. S. Venutai Y. Chavan Sub-District Hospital Blood Bank Karad,Maharashtra,SATARA,Satara,"Plot No. 290/91, Budhwar Peth Station Road, Karad, Satara",415110,mskarad@gmail.com,17.288048,74.186177
Civil Surgeon - Sarva Samanya Hospital Blood Bank,Maharashtra,SATARA,Satara,"Bazar Road, Satara",415001,bbsknpsatara@gmail.com,17.691305,74.009424
Phaltan Medical Foundation Blood Bank,Maharashtra,SATARA,Satara,"C.T.S. No. 5604/6, Near Dnyaneshwar Mandir, Behind State Bank of India, Laxminagar, 1st Floor Phaltan, Satara",415523,,17.992317,74.42537
Krishna Hospital and Medical Research Centre Blood Bank Karad,Maharashtra,SATARA,Satara,"Poona Bangalore (NH 4) Highway, Near Debhewadi Road, Karad, Satara",415110,khbloodbank@yahoo.com,17.285065,74.185701
Instutute of Medical Science and Research Blood Bank and Blood Component Seperation Unit,Maharashtra,SATARA,Satara,"Shree Chatrapati Shivaji Education Societys, Instutute of Medical Science and Research Blood Bank and Blood Component Seperation Unit,  Vita Road, Vidyagiri, Mayani, Satatra",415102,insrmyn05@rediffmail.com,17.431214,74.549364
M/s. K. N. Gujar Blood Bank,Maharashtra,SATARA,Satara,"M/s K.N. Gujar Blood Bank, F. P. No. 21, 203/A/6, 1st Floor, K.N. Gujar Hospital, Shanivar Peth, Near S.T. Bus Stand, Karad, Satara",415110,,17.278263,74.183727
M/s. Balaji Blood Bank,Maharashtra,SATARA,Satara,"M/s. MA. NA. Shri R.R. (AABA) Patil Shikshan Sheti Sanshodhan Aani Vikas Sansthas  Balaji Blood Bank, C.S.No - 467/8 A 1b/45, Jaldhara Building 2nd Floor, Sadar Bazar, Satara - 415002
",415002,balajibbsatara@gmail.com,17.695093,74.010716
Akshay Blood Bank,Maharashtra,SATARA,Satara,"Akshay Medical Trust, Akshay Blood Bank, 506/22, Sadar Bazar, Near State Bank, Opposite to Nirmal Hotel, Satara",415002,abbSatara@gmail.com,17.672028,74.021087
Mauli Blood Bank Satara,Maharashtra,SATARA,Satara,"529/b,  Parasnis Colony, Near Hotel Monark, Powai Naka Sadar Bazar, Satara ",415001,maulibloodbank@gmail.com,17.686084,74.007955
Yashwantrao Chavan Blood Bank,Maharashtra,SATARA,Satara,"Phase 5, Super Market, 1st Floor Hall No. 2/1 Final Plot No. 432,433, Shaniwar Peth, Karad  ",415110,ycbbkarad@gmail.com,17.275751,74.18181
Civil Surgeon - General Hospital Blood Bank,Maharashtra,SINDHUDURG,Sindhudurga,"Sindhudurg Oros, At Post - Oros, Kudal, Sindhudurga (Oros)",416812,orosbloodbank@gmail.com,16.12019,73.689563
"Cottage Hospital Blood Bank, Sawantwadi",Maharashtra,SINDHUDURG,Sindhudurga,"Sub -District Cottage Hospital, Blood Bank, Sawantwadi, 
C-Sindhudurg",416510,bloodbank.sdhsawantwadi@gmail.com,15.902781,73.823544
Dean Chatrapati Shivaji Maharaj Sarvopchar Hospital Blood Bank,Maharashtra,SOLAPUR,Solapur,"B-Block Ground Floor, Shri. Chatrapati Shivaji Maharaj Sarvopchar Hospital, Solapur, Maharashtra",413003,"dr.g.a.pandit@gmail.com, bloodbanksolapur@gmail.com",17.659024,75.912826
Shri Markendya Charitable and Medical Trust Irrapanna N Boli Blood Bank,Maharashtra,SOLAPUR,Solapur,"Ashok Chowk, 896/97, Bhavnarishi Peth (Bolli Mangal Karayalaya 1 floor, Solapur",413006,,17.659918,75.906391
"Dr. Hegdewar Rakta Pedhi Sanstha, Solapur",Maharashtra,SOLAPUR,Solapur,"1st Floor, Sahyadri Shopping Centre Railway Lines, Solapur",413001,hedgewar.raktapedhi@gmail.com,17.66391,75.900793
Solapur Blood Bank,Maharashtra,SOLAPUR,Solapur,"136, Railway Line, Near Railway Station, Near Atthar Hospital, Anjani Chembers,  Solapur",413001,,17.65992,75.906391
IMA - Sahakar Maharshi Shankarrao Mohite Patil Blood Bank,Maharashtra,SOLAPUR,Solapur,"804, Old Pandharpur Road, Ganeshnagar Akluj, Solapur",413101,imabloodbank136@rediffmail.com,17.660169,75.906401
Akshay Blood Bank,Maharashtra,SOLAPUR,Solapur,"Survey No. 2212, First Floor, Laxmi Narayan Apartment, South Sadar Bazar, Solapur ",413003,,17.669558,75.915101
M. M. Patel Public Charitable Trust - Ashwini Rural Medical College and Hospital Blood Bank,Maharashtra,SOLAPUR,Solapur,"Kumbhari, Gat No. 261 and 262 , Akkalkot Road, Kumbhari, 
Tal.South Solapur. Dist. Solapur ",413006,armchbb@gmail.com,17.644778,75.986234
Athar Minorities Social and Welfare Associations - Athar Blood Bank,Maharashtra,SOLAPUR,Solapur,"1st Floor, 410 Shukrawar Peth, Jamiya Complex, Near Jama Masjid, Solapur",413002,"atharbloodbank@ymail.com,",17.676725,75.910238
Indian Red Cross Society - Smt. Gopabai Damani Blood Bank,Maharashtra,SOLAPUR,Solapur,"165 Railway Line, Red Cross Road, Dufferin Chowk, Solapur ",413001,gopabaidamani@gmail.com,17.660077,75.906391
Indian Red Cross Society - Sarjubai Bansila Bajaj Blood Bank,Maharashtra,SOLAPUR,Solapur,"62/2/3/4, Bhakti Marg, Pandharpur, Solapur",413304,bajajbloodbank@gmail.com,17.562936,75.265589
SIDDHESHWAR BLOOD BANK,Maharashtra,SOLAPUR,Solapur,"Kalyani Towers, 126 Siddheshwar Peth, Near Yashwantrao Hospital Behind civil court, Solapur ",413003,siddheswarbloodbank@gmail.com,17.672075,75.904841
M/s Shrikamal Shikshan Prasarak Krida - Kala & Krushivikas Bahu Uddeshiya Samajsevi Mandals Sanjeevani Blood Bank,Maharashtra,SOLAPUR,Solapur,Solapur,,,,
Gor Banjara RSS Jankalyan Samiti - Seva Blood Bank,Maharashtra,THANE,,"Basement Puspadev Appartment, Near Sarvesh Hall Opposite to Manav Kalyan Kendra Dombivli ",,,,
"Dr. D.Y. Patil Hospital & Research Centre, Blood Bank",Maharashtra,THANE,Nerul,"Nerul, Thane",,,,
Tarapur Atomic Power Station Hospital Blood Bank,Maharashtra,THANE,Palghar,"TAPS Hospital Blood Bank, TAPS 1&2 (Anushri) Township Near Boisar, Palghar ",401504,rmwankhede@npcil.co.in,19.813093,72.743519
Vitthal Sayanna General Hospital (Civil Hospital) Blood Bank,Maharashtra,THANE,Thane,"Civil Hospital, 1st Floor, Tembhi Naka, Thane (W)-400601
",400601,,19.199056,72.978096
Central Hospital Blood Bank,Maharashtra,THANE,Thane,"Ulhasnagar, Central Hospital, Nehru Chowk Road, Ulhasnagar",421003,,19.229578,73.165135
JVP Blood Bank and Transfusion Centre Blood Bank,Maharashtra,THANE,Thane,"201, 213 Arenja Arcade Plot No. 4 Sec-17, Next to Apana Bazar, Vashi, Navi Mumbai",400705,,19.072305,73.000676
Sankalp Blood Bank,Maharashtra,THANE,Thane,"Riddhi Siddhi, Opposite to ICICI Bank, Near Ramchandra Hall, Murbad Road Kalyan (W)",421301,,19.241131,73.146766
Jupiter Hospital Blood Bank,Maharashtra,THANE,Thane,"Jupiter Hospital, Eastern Express Highway, Service Road, Near Voltas,  Naupada, Thane (W)  ",400601,,19.209617,72.972405
Plasma Diagnostic Lab and Blood Bank,Maharashtra,THANE,Thane,"Meghdoot, Building, Gopal Nagar, Hotel Janaki, Opposite to Manjunath School, Dombivali( E)",421201,,19.215794,73.096159
Vaidhya Blood Bank,Maharashtra,THANE,Thane,"1st Floor. Satyam Apartment, M.G. Road, Jeevan Jyot Hospital, Near Naupada Police Station, Thane (W)",400602,,19.187896,72.96724
Mahatma Gandhi Mission Medical College and Hospital Blood Bank,Maharashtra,THANE,Thane,"Plot No. 1 and 2, Sector-18, Kamothe, Navi Mumbai",410209,,19.003199,73.118362
Navjeevan Blood Bank,Maharashtra,THANE,Thane,"Gokhale Road, Naupada, Near Dr.Mhaskar&#39;s Hospital, Thane (W)",400602,,19.187729,72.967926
Sarla Blood Bank,Maharashtra,THANE,Thane,"Ravi Hospital, 1st Floor, 50 Anand Nagar, Navghar Vasai (W)",401202,,19.255677,72.865577
Tssia Blood Bank,Maharashtra,THANE,Thane,"Tssia House, Road No.P 26/T,Rd-16, Wagle Estate, Thane (W) ",400604,,19.194769,72.952884
Kai Wamanrao Oak Blood Bank,Maharashtra,THANE,Thane,"Ghantali Mandir Road, Vishnu Nagar, Naupada, Thane",400602,,19.186459,72.975467
Blood Line Blood Bank,Maharashtra,THANE,Thane,"Swargiya Dharmvir Anand Dighe Sankool, Tika No-10, Near Vikas Palm, Dr. Ambedkar Road, Thane (W) ",421302,,19.200762,72.97498
Kalyan Dombivali Municipal Corporation Sponsored Nandakishore Education Society Arpan Blood Bank,Maharashtra,THANE,Thane,"2nd Floor, Bai Rukhminibal Hospital, Kalyan (W) ",421301,,19.244366,73.122511
Smt. Devkaabai Kalyanji Chheda Amrutvahini Blood Bank,Maharashtra,THANE,Thane,"Ashirwad Apartment, 2nd Floor,  Dshsnu (E), Thane ",,,19.208377,72.847668
Sanjeevan Blood Bank ,Maharashtra,THANE,Thane,"1st Floor, Indravati Hospital, Sector-3, Airoli, Navi Mumbai ",400705,,19.156842,72.997815
Vijayee Blood Bank,Maharashtra,THANE,Thane,"Andrandes Bhavan 1st Floor, Plot No. 2, Sr. No 277-A, Behind Papdi Telephone Exchange, Near Sai Services,  Vasai (W) ",401202,,19.358711,72.811841
Mira Bhayandar Municipal Corporation Rajeev Gandhi Blood Bank,Maharashtra,THANE,Thane,"C.S No.30/32 Poonam Sagar Complex, Near Allahabad Bank Mira Road (E), Thane",401107,,19.274233,72.861175
"Maharashtra Blood Bank, Component and Apheresis Centre",Maharashtra,THANE,Thane,"C- Wing, 107/207, Kuldeep Arcade, Near Navli Railway Phatak, Station Road, Palghar (W), Thane ",401404,,19.692902,72.772639
Chidanand Charitable Trust Dombivali Blood Bank,Maharashtra,THANE,Thane,"Siddhi Hospital, Bajiprabhu Chowk, Dombivali (East) ",421201,,19.212614,73.088869
Seva Blood Bank,Maharashtra,THANE,Thane,"Pushpadev Apartment, Basement, Opposite to Manav Kalyan Kendra, Near Sarvesh Hall, Dombivali ",421201,,19.215715,73.091599
Chhatrapati Shivaji Maharaj Hospital Blood Bank,Maharashtra,THANE,Thane,"Thane Belapur Road, Kalwa, Thane",400605,,19.1922569,72.986723
Navi Mumbai Municipal Corporation Blood Bank,Maharashtra,THANE,Thane,"General Hospital Vashi, Near Saint Mary Church, Sector-10, Vashi, Navi Mumbai",400705,,19.082788,72.996027
Lokmanya TSSIA Blood Bank Thane,Maharashtra,THANE,Thane,"Tssia House, Road No. P 26/T, Road-16, Next to Thane Janata Sahakari Bank, Behind the Petrol Pump, Wagle Estate, Thane (W)",400604,sunilmundhe7@gmail.com,19.191526,72.95169
M/s. Sadgurus Charitable Blood Bank,Maharashtra,THANE,Thane,Thane,,,,
M/s. Triumph Foundations Triumph Blood Bank,Maharashtra,THANE,Thane,Thane,,,,
Terna Blood Bank ,Maharashtra,THANE,Thane,Thane,,,,
"District - Civil Surgeon, General Hospital Blood Bank Wardha",Maharashtra,WARDHA,Wardha,"New Building, OPD 1st Floor General Hospital, Dr. Ambedkar Road, Near Jilha Parisad, Wardha",442001,cswardha@rediffmail.com,20.737833,78.603162
Kasturba Health Society Blood Bank,Maharashtra,WARDHA,Wardha,"Sevagram, Department of Pathology, MGIMS and Kasturba Hospital,  Sevagram, Wardha",442102,bloodbank@mgims.ac.in,20.739287,78.660927
Jawaharlal Nehru Medical College Blood Bank,Maharashtra,WARDHA,Wardha,"Savangi (Meghe), Paloti Road, Wardha",442004,jnmcbloodbank@rediffmail.com,20.715824,78.575564
"Civil Surgeon, General Hospital Blood Bank Washim",Maharashtra,WASHIM,Washim,"General Hospital Blood Bank, Near Akola Naka,  Washim ",444505,bb328@rediffmail.com,20.12259,77.127893
Sau Kantadevi Dale Blood Bank,Maharashtra,WASHIM,Washim,"Maa Ganga Memorial Baheti Hospital, Akola Naka, Washim ",444505,dr.narayandale@gmail.com,20.105396,77.143122
Shri Vasantrao Naik Blood Bank ,Maharashtra,YAVATMAL,Yavatmal,"Government Medical College and Hospital, Yavatmal",445001,"deanvngmc@rediffmail.com, bloodbankvngmc@gmail.com",20.39524,78.118668
Laxmi Blood Bank,Maharashtra,YAVATMAL,Yavatmal,"Chiddarwar Hospital, Motinagar, Pusad, Yavatmal",445204,,19.906603,77.567708
Satyashanti Blood Bank,Maharashtra,YAVATMAL,Yavatmal,"2nd Floor, Satyashanti Hospital, Opposite to Bus Stand, Pusad",445204,satyashanti@rediffmail.com,19.910776,77.569957
Aishwarya Blood Bank,Maharashtra,YAVATMAL,Yavatmal,"Survey No.3/2, Godhani Road, Gurunanak Nagar, Near Amolakshand College, Mouza, Umarsara, Yavatmal",445001,bhongade@nagpur.dot.net.in ,20.389322,78.118544
Shri Gajanan Blood Bank And Components,Maharashtra,YAVATMAL,Yavatmal,"Property No: 71, Road No.9, 2nd Floor, Bajaj Satkar Bhavan, Yavatmal (m.s) ",444001,,20.418283,78.12953
Ekneel Blood Bank,Maharashtra,YAVATMAL,Yavatmal,"Near City Centre, Datta Chowk",445001,ekneelbloodbank@rediffmail.com,20.389322,78.118544
